,Date,Time,Val,datetime
0,20211201,0,10.3,
1,20211201,100,10.3,
2,20211201,200,10.4,
3,20211201,300,10.5,
4,20211201,400,10.6,
5,20211201,500,10.7,
6,20211201,600,10.8,
7,20211201,700,10.8,
8,20211201,800,10.8,
9,20211201,900,10.8,
10,20211201,1000,10.9,
11,20211201,1100,10.9,
12,20211201,1200,10.8,
13,20211201,1300,10.8,
14,20211201,1400,11.0,
15,20211201,1500,11.3,
16,20211201,1600,11.5,
17,20211201,1700,11.5,
18,20211201,1800,11.7,
19,20211201,1900,11.4,
20,20211201,2000,11.3,
21,20211201,2100,11.6,
22,20211201,2200,11.9,
23,20211201,2300,11.7,
24,20211202,0,11.6,
25,20211202,100,11.3,
26,20211202,200,11.3,
27,20211202,300,11.2,
28,20211202,400,10.6,
29,20211202,500,10.3,
30,20211202,600,10.1,
31,20211202,700,9.8,
32,20211202,800,9.2,
33,20211202,900,8.8,
34,20211202,1000,8.4,
35,20211202,1100,8.2,
36,20211202,1200,7.2,
37,20211202,1300,7.0,
38,20211202,1400,6.7,
39,20211202,1500,6.6,
40,20211202,1600,6.3,
41,20211202,1700,6.3,
42,20211202,1800,6.7,
43,20211202,1900,7.1,
44,20211202,2000,7.2,
45,20211202,2100,7.4,
46,20211202,2200,7.3,
47,20211202,2300,7.1,
48,20211203,0,6.2,
49,20211203,100,5.7,
50,20211203,200,5.3,
51,20211203,300,4.2,
52,20211203,400,3.4,
53,20211203,500,3.3,
54,20211203,600,3.2,
55,20211203,700,2.1,
56,20211203,800,1.6,
57,20211203,900,1.3,
58,20211203,1000,0.6,
59,20211203,1100,0.8,
60,20211203,1200,0.6,
61,20211203,1300,0.3,
62,20211203,1400,0.2,
63,20211203,1500,0.1,
64,20211203,1600,0.3,
65,20211203,1700,1.2,
66,20211203,1800,2.1,
67,20211203,1900,3.0,
68,20211203,2000,3.9,
69,20211203,2100,5.6,
70,20211203,2200,5.4,
71,20211203,2300,5.2,
72,20211204,0,4.9,
73,20211204,100,4.4,
74,20211204,200,4.3,
75,20211204,300,3.9,
76,20211204,400,3.6,
77,20211204,500,3.3,
78,20211204,600,3.3,
79,20211204,700,3.2,
80,20211204,800,3.2,
81,20211204,900,3.0,
82,20211204,1000,3.1,
83,20211204,1100,3.1,
84,20211204,1200,3.3,
85,20211204,1300,2.8,
86,20211204,1400,2.2,
87,20211204,1500,1.9,
88,20211204,1600,1.8,
89,20211204,1700,2.0,
90,20211204,1800,2.5,
91,20211204,1900,2.9,
92,20211204,2000,3.2,
93,20211204,2100,3.6,
94,20211204,2200,4.0,
95,20211204,2300,3.9,
96,20211205,0,3.8,
97,20211205,100,3.4,
98,20211205,200,3.2,
99,20211205,300,2.3,
100,20211205,400,1.8,
101,20211205,500,1.3,
102,20211205,600,1.4,
103,20211205,700,1.3,
104,20211205,800,0.8,
105,20211205,900,0.2,
106,20211205,1000,0.1,
107,20211205,1100,-0.3,
108,20211205,1200,-0.6,
109,20211205,1300,-0.7,
110,20211205,1400,-0.7,
111,20211205,1500,-0.9,
112,20211205,1600,-0.4,
113,20211205,1700,0.2,
114,20211205,1800,0.8,
115,20211205,1900,1.3,
116,20211205,2000,1.9,
117,20211205,2100,2.2,
118,20211205,2200,3.3,
119,20211205,2300,3.3,
120,20211206,0,3.1,
121,20211206,100,3.0,
122,20211206,200,2.8,
123,20211206,300,2.8,
124,20211206,400,2.4,
125,20211206,500,2.3,
126,20211206,600,2.1,
127,20211206,700,2.1,
128,20211206,800,2.0,
129,20211206,900,1.8,
130,20211206,1000,1.1,
131,20211206,1100,0.6,
132,20211206,1200,0.4,
133,20211206,1300,0.4,
134,20211206,1400,0.3,
135,20211206,1500,0.4,
136,20211206,1600,0.5,
137,20211206,1700,0.4,
138,20211206,1800,0.6,
139,20211206,1900,0.8,
140,20211206,2000,1.3,
141,20211206,2100,2.1,
142,20211206,2200,2.4,
143,20211206,2300,2.8,
144,20211207,0,2.6,
145,20211207,100,2.6,
146,20211207,200,2.7,
147,20211207,300,2.7,
148,20211207,400,2.9,
149,20211207,500,2.9,
150,20211207,600,3.1,
151,20211207,700,3.2,
152,20211207,800,3.0,
153,20211207,900,3.1,
154,20211207,1000,3.1,
155,20211207,1100,3.2,
156,20211207,1200,3.3,
157,20211207,1300,3.3,
158,20211207,1400,3.3,
159,20211207,1500,3.3,
160,20211207,1600,3.4,
161,20211207,1700,3.6,
162,20211207,1800,3.9,
163,20211207,1900,4.2,
164,20211207,2000,4.8,
165,20211207,2100,5.1,
166,20211207,2200,5.2,
167,20211207,2300,5.3,
168,20211208,0,5.3,
169,20211208,100,5.3,
170,20211208,200,5.4,
171,20211208,300,5.7,
172,20211208,400,6.0,
173,20211208,500,5.9,
174,20211208,600,6.2,
175,20211208,700,7.4,
176,20211208,800,7.7,
177,20211208,900,7.4,
178,20211208,1000,7.1,
179,20211208,1100,7.3,
180,20211208,1200,7.1,
181,20211208,1300,5.2,
182,20211208,1400,5.7,
183,20211208,1500,5.1,
184,20211208,1600,5.1,
185,20211208,1700,5.0,
186,20211208,1800,5.8,
187,20211208,1900,6.3,
188,20211208,2000,6.6,
189,20211208,2100,6.9,
190,20211208,2200,6.7,
191,20211208,2300,7.0,
192,20211209,0,6.2,
193,20211209,100,5.3,
194,20211209,200,4.3,
195,20211209,300,3.6,
196,20211209,400,2.9,
197,20211209,500,2.7,
198,20211209,600,2.6,
199,20211209,700,2.8,
200,20211209,800,2.0,
201,20211209,900,2.2,
202,20211209,1000,2.3,
203,20211209,1100,2.4,
204,20211209,1200,2.4,
205,20211209,1300,2.7,
206,20211209,1400,2.5,
207,20211209,1500,2.3,
208,20211209,1600,2.4,
209,20211209,1700,2.3,
210,20211209,1800,2.8,
211,20211209,1900,3.1,
212,20211209,2000,3.3,
213,20211209,2100,4.4,
214,20211209,2200,4.8,
215,20211209,2300,4.6,
216,20211210,0,3.9,
217,20211210,100,3.6,
218,20211210,200,3.0,
219,20211210,300,2.7,
220,20211210,400,2.4,
221,20211210,500,1.9,
222,20211210,600,1.4,
223,20211210,700,1.2,
224,20211210,800,0.8,
225,20211210,900,0.7,
226,20211210,1000,1.0,
227,20211210,1100,1.4,
228,20211210,1200,1.3,
229,20211210,1300,0.9,
230,20211210,1400,0.7,
231,20211210,1500,1.4,
232,20211210,1600,1.5,
233,20211210,1700,1.8,
234,20211210,1800,2.2,
235,20211210,1900,2.7,
236,20211210,2000,2.8,
237,20211210,2100,2.3,
238,20211210,2200,2.0,
239,20211210,2300,2.3,
240,20211211,0,2.8,
241,20211211,100,3.2,
242,20211211,200,3.6,
243,20211211,300,4.6,
244,20211211,400,5.4,
245,20211211,500,5.7,
246,20211211,600,6.0,
247,20211211,700,6.2,
248,20211211,800,6.3,
249,20211211,900,6.5,
250,20211211,1000,6.7,
251,20211211,1100,6.6,
252,20211211,1200,6.8,
253,20211211,1300,6.7,
254,20211211,1400,6.8,
255,20211211,1500,6.8,
256,20211211,1600,6.8,
257,20211211,1700,6.6,
258,20211211,1800,7.4,
259,20211211,1900,7.1,
260,20211211,2000,7.1,
261,20211211,2100,7.1,
262,20211211,2200,6.2,
263,20211211,2300,5.7,
264,20211212,0,5.3,
265,20211212,100,5.1,
266,20211212,200,4.1,
267,20211212,300,3.2,
268,20211212,400,2.8,
269,20211212,500,3.0,
270,20211212,600,3.3,
271,20211212,700,3.1,
272,20211212,800,2.1,
273,20211212,900,1.6,
274,20211212,1000,1.0,
275,20211212,1100,1.4,
276,20211212,1200,2.0,
277,20211212,1300,2.2,
278,20211212,1400,2.1,
279,20211212,1500,1.9,
280,20211212,1600,1.9,
281,20211212,1700,2.7,
282,20211212,1800,3.4,
283,20211212,1900,3.1,
284,20211212,2000,3.1,
285,20211212,2100,3.1,
286,20211212,2200,2.5,
287,20211212,2300,3.1,
288,20211213,0,3.7,
289,20211213,100,3.4,
290,20211213,200,3.6,
291,20211213,300,3.9,
292,20211213,400,3.8,
293,20211213,500,3.5,
294,20211213,600,3.4,
295,20211213,700,3.2,
296,20211213,800,3.1,
297,20211213,900,3.1,
298,20211213,1000,3.0,
299,20211213,1100,2.8,
300,20211213,1200,3.7,
301,20211213,1300,3.3,
302,20211213,1400,2.8,
303,20211213,1500,2.4,
304,20211213,1600,2.4,
305,20211213,1700,2.8,
306,20211213,1800,3.4,
307,20211213,1900,3.8,
308,20211213,2000,4.3,
309,20211213,2100,4.4,
310,20211213,2200,4.2,
311,20211213,2300,4.3,
312,20211214,0,4.6,
313,20211214,100,4.5,
314,20211214,200,4.2,
315,20211214,300,3.6,
316,20211214,400,3.6,
317,20211214,500,3.4,
318,20211214,600,3.6,
319,20211214,700,3.6,
320,20211214,800,4.0,
321,20211214,900,3.4,
322,20211214,1000,2.4,
323,20211214,1100,2.6,
324,20211214,1200,2.8,
325,20211214,1300,2.1,
326,20211214,1400,1.9,
327,20211214,1500,1.6,
328,20211214,1600,1.1,
329,20211214,1700,1.2,
330,20211214,1800,1.1,
331,20211214,1900,1.3,
332,20211214,2000,1.4,
333,20211214,2100,1.4,
334,20211214,2200,2.9,
335,20211214,2300,2.9,
336,20211215,0,3.2,
337,20211215,100,3.0,
338,20211215,200,3.0,
339,20211215,300,2.8,
340,20211215,400,2.7,
341,20211215,500,2.6,
342,20211215,600,2.2,
343,20211215,700,2.0,
344,20211215,800,2.1,
345,20211215,900,1.9,
346,20211215,1000,2.2,
347,20211215,1100,2.4,
348,20211215,1200,2.9,
349,20211215,1300,2.6,
350,20211215,1400,2.2,
351,20211215,1500,2.3,
352,20211215,1600,2.9,
353,20211215,1700,3.7,
354,20211215,1800,4.4,
355,20211215,1900,4.9,
356,20211215,2000,5.3,
357,20211215,2100,6.1,
358,20211215,2200,6.2,
359,20211215,2300,5.8,
360,20211216,0,5.6,
361,20211216,100,4.9,
362,20211216,200,5.0,
363,20211216,300,4.5,
364,20211216,400,4.2,
365,20211216,500,4.0,
366,20211216,600,4.1,
367,20211216,700,4.1,
368,20211216,800,3.8,
369,20211216,900,3.8,
370,20211216,1000,3.9,
371,20211216,1100,3.8,
372,20211216,1200,3.9,
373,20211216,1300,3.9,
374,20211216,1400,3.7,
375,20211216,1500,3.5,
376,20211216,1600,3.0,
377,20211216,1700,2.7,
378,20211216,1800,2.6,
379,20211216,1900,3.1,
380,20211216,2000,4.1,
381,20211216,2100,4.1,
382,20211216,2200,4.6,
383,20211216,2300,4.6,
384,20211217,0,4.3,
385,20211217,100,3.7,
386,20211217,200,2.7,
387,20211217,300,2.0,
388,20211217,400,1.4,
389,20211217,500,0.6,
390,20211217,600,-0.2,
391,20211217,700,-0.4,
392,20211217,800,-0.7,
393,20211217,900,-0.6,
394,20211217,1000,-0.9,
395,20211217,1100,-1.1,
396,20211217,1200,-1.1,
397,20211217,1300,-1.2,
398,20211217,1400,-1.1,
399,20211217,1500,-1.2,
400,20211217,1600,-1.1,
401,20211217,1700,-0.8,
402,20211217,1800,-0.2,
403,20211217,1900,0.2,
404,20211217,2000,0.2,
405,20211217,2100,0.2,
406,20211217,2200,0.6,
407,20211217,2300,1.0,
408,20211218,0,1.2,
409,20211218,100,1.2,
410,20211218,200,1.5,
411,20211218,300,1.4,
412,20211218,400,0.6,
413,20211218,500,0.6,
414,20211218,600,0.7,
415,20211218,700,0.7,
416,20211218,800,0.5,
417,20211218,900,0.5,
418,20211218,1000,0.8,
419,20211218,1100,1.2,
420,20211218,1200,1.4,
421,20211218,1300,2.0,
422,20211218,1400,1.9,
423,20211218,1500,1.9,
424,20211218,1600,2.7,
425,20211218,1700,3.2,
426,20211218,1800,3.4,
427,20211218,1900,5.1,
428,20211218,2000,4.7,
429,20211218,2100,4.6,
430,20211218,2200,5.9,
431,20211218,2300,6.8,
432,20211219,0,6.6,
433,20211219,100,5.6,
434,20211219,200,5.1,
435,20211219,300,5.1,
436,20211219,400,4.8,
437,20211219,500,4.2,
438,20211219,600,3.8,
439,20211219,700,3.5,
440,20211219,800,2.6,
441,20211219,900,2.3,
442,20211219,1000,1.8,
443,20211219,1100,1.5,
444,20211219,1200,0.8,
445,20211219,1300,0.2,
446,20211219,1400,0.2,
447,20211219,1500,0.7,
448,20211219,1600,0.3,
449,20211219,1700,0.3,
450,20211219,1800,2.4,
451,20211219,1900,3.2,
452,20211219,2000,3.3,
453,20211219,2100,4.6,
454,20211219,2200,5.4,
455,20211219,2300,5.8,
456,20211220,0,5.3,
457,20211220,100,3.6,
458,20211220,200,2.3,
459,20211220,300,1.3,
460,20211220,400,0.7,
461,20211220,500,0.1,
462,20211220,600,-0.3,
463,20211220,700,-0.7,
464,20211220,800,-1.1,
465,20211220,900,-1.4,
466,20211220,1000,-1.5,
467,20211220,1100,-1.8,
468,20211220,1200,-2.2,
469,20211220,1300,-2.4,
470,20211220,1400,-2.8,
471,20211220,1500,-2.9,
472,20211220,1600,-2.9,
473,20211220,1700,-2.7,
474,20211220,1800,-1.7,
475,20211220,1900,0.2,
476,20211220,2000,1.3,
477,20211220,2100,2.1,
478,20211220,2200,2.6,
479,20211220,2300,3.2,
480,20211221,0,2.4,
481,20211221,100,0.8,
482,20211221,200,-0.3,
483,20211221,300,-1.0,
484,20211221,400,-1.6,
485,20211221,500,-1.8,
486,20211221,600,-2.1,
487,20211221,700,-2.6,
488,20211221,800,-2.8,
489,20211221,900,-3.3,
490,20211221,1000,-3.7,
491,20211221,1100,-4.1,
492,20211221,1200,-4.2,
493,20211221,1300,-3.9,
494,20211221,1400,-4.2,
495,20211221,1500,-3.4,
496,20211221,1600,-3.7,
497,20211221,1700,-2.9,
498,20211221,1800,-1.7,
499,20211221,1900,-0.3,
500,20211221,2000,0.1,
501,20211221,2100,0.2,
502,20211221,2200,0.0,
503,20211221,2300,-0.1,
504,20211222,0,0.1,
505,20211222,100,0.2,
506,20211222,200,0.2,
507,20211222,300,0.3,
508,20211222,400,0.3,
509,20211222,500,0.4,
510,20211222,600,0.6,
511,20211222,700,0.9,
512,20211222,800,1.4,
513,20211222,900,1.7,
514,20211222,1000,2.6,
515,20211222,1100,3.2,
516,20211222,1200,3.1,
517,20211222,1300,3.4,
518,20211222,1400,4.5,
519,20211222,1500,6.0,
520,20211222,1600,6.0,
521,20211222,1700,6.3,
522,20211222,1800,6.7,
523,20211222,1900,7.0,
524,20211222,2000,7.4,
525,20211222,2100,7.7,
526,20211222,2200,7.9,
527,20211222,2300,7.9,
528,20211223,0,7.4,
529,20211223,100,7.4,
530,20211223,200,7.2,
531,20211223,300,7.2,
532,20211223,400,7.4,
533,20211223,500,7.6,
534,20211223,600,7.3,
535,20211223,700,6.0,
536,20211223,800,5.1,
537,20211223,900,4.4,
538,20211223,1000,4.3,
539,20211223,1100,4.0,
540,20211223,1200,3.4,
541,20211223,1300,2.9,
542,20211223,1400,2.9,
543,20211223,1500,3.3,
544,20211223,1600,3.3,
545,20211223,1700,3.3,
546,20211223,1800,3.7,
547,20211223,1900,4.1,
548,20211223,2000,4.2,
549,20211223,2100,4.0,
550,20211223,2200,3.9,
551,20211223,2300,3.9,
552,20211224,0,3.6,
553,20211224,100,3.5,
554,20211224,200,3.4,
555,20211224,300,3.3,
556,20211224,400,3.0,
557,20211224,500,2.9,
558,20211224,600,2.3,
559,20211224,700,1.6,
560,20211224,800,0.8,
561,20211224,900,0.8,
562,20211224,1000,0.9,
563,20211224,1100,0.5,
564,20211224,1200,0.5,
565,20211224,1300,0.7,
566,20211224,1400,0.5,
567,20211224,1500,0.7,
568,20211224,1600,0.8,
569,20211224,1700,0.8,
570,20211224,1800,0.9,
571,20211224,1900,1.1,
572,20211224,2000,2.1,
573,20211224,2100,2.4,
574,20211224,2200,2.3,
575,20211224,2300,1.4,
576,20211225,0,1.3,
577,20211225,100,0.6,
578,20211225,200,0.5,
579,20211225,300,0.8,
580,20211225,400,0.2,
581,20211225,500,-0.3,
582,20211225,600,-0.4,
583,20211225,700,-0.2,
584,20211225,800,0.1,
585,20211225,900,0.1,
586,20211225,1000,-0.5,
587,20211225,1100,-0.9,
588,20211225,1200,-1.7,
589,20211225,1300,-1.9,
590,20211225,1400,-2.1,
591,20211225,1500,-2.3,
592,20211225,1600,-2.6,
593,20211225,1700,-2.4,
594,20211225,1800,-2.2,
595,20211225,1900,-2.4,
596,20211225,2000,-2.7,
597,20211225,2100,-2.8,
598,20211225,2200,-3.1,
599,20211225,2300,-3.8,
600,20211226,0,-3.7,
601,20211226,100,-4.2,
602,20211226,200,-4.7,
603,20211226,300,-5.0,
604,20211226,400,-5.0,
605,20211226,500,-5.2,
606,20211226,600,-5.4,
607,20211226,700,-5.8,
608,20211226,800,-6.4,
609,20211226,900,-6.7,
610,20211226,1000,-6.8,
611,20211226,1100,-6.8,
612,20211226,1200,-7.2,
613,20211226,1300,-7.4,
614,20211226,1400,-7.7,
615,20211226,1500,-7.6,
616,20211226,1600,-7.6,
617,20211226,1700,-7.5,
618,20211226,1800,-7.4,
619,20211226,1900,-6.9,
620,20211226,2000,-6.7,
621,20211226,2100,-6.6,
622,20211226,2200,-6.6,
623,20211226,2300,-6.6,
624,20211227,0,-6.8,
625,20211227,100,-7.3,
626,20211227,200,-7.7,
627,20211227,300,-8.2,
628,20211227,400,-8.6,
629,20211227,500,-8.2,
630,20211227,600,-8.2,
631,20211227,700,-8.3,
632,20211227,800,-8.2,
633,20211227,900,-8.6,
634,20211227,1000,-9.4,
635,20211227,1100,-11.1,
636,20211227,1200,-11.4,
637,20211227,1300,-12.2,
638,20211227,1400,-12.4,
639,20211227,1500,-12.7,
640,20211227,1600,-12.5,
641,20211227,1700,-12.3,
642,20211227,1800,-11.7,
643,20211227,1900,-11.1,
644,20211227,2000,-10.3,
645,20211227,2100,-9.5,
646,20211227,2200,-9.4,
647,20211227,2300,-9.6,
648,20211228,0,-9.6,
649,20211228,100,-9.6,
650,20211228,200,-9.8,
651,20211228,300,-9.7,
652,20211228,400,-9.5,
653,20211228,500,-9.4,
654,20211228,600,-9.2,
655,20211228,700,-9.3,
656,20211228,800,-9.1,
657,20211228,900,-8.8,
658,20211228,1000,-8.8,
659,20211228,1100,-9.4,
660,20211228,1200,-9.9,
661,20211228,1300,-10.1,
662,20211228,1400,-10.1,
663,20211228,1500,-10.5,
664,20211228,1600,-10.0,
665,20211228,1700,-9.6,
666,20211228,1800,-7.9,
667,20211228,1900,-6.1,
668,20211228,2000,-5.3,
669,20211228,2100,-4.0,
670,20211228,2200,-3.9,
671,20211228,2300,-3.5,
672,20211229,0,-4.2,
673,20211229,100,-4.9,
674,20211229,200,-4.8,
675,20211229,300,-5.2,
676,20211229,400,-5.0,
677,20211229,500,-5.4,
678,20211229,600,-6.0,
679,20211229,700,-6.5,
680,20211229,800,-7.0,
681,20211229,900,-7.3,
682,20211229,1000,-7.7,
683,20211229,1100,-7.5,
684,20211229,1200,-7.7,
685,20211229,1300,-7.8,
686,20211229,1400,-7.3,
687,20211229,1500,-8.1,
688,20211229,1600,-8.0,
689,20211229,1700,-7.4,
690,20211229,1800,-5.5,
691,20211229,1900,-4.6,
692,20211229,2000,-4.6,
693,20211229,2100,-3.9,
694,20211229,2200,-3.8,
695,20211229,2300,-4.2,
696,20211230,0,-4.3,
697,20211230,100,-4.5,
698,20211230,200,-4.6,
699,20211230,300,-5.2,
700,20211230,400,-5.6,
701,20211230,500,-5.9,
702,20211230,600,-6.2,
703,20211230,700,-6.1,
704,20211230,800,-5.4,
705,20211230,900,-5.1,
706,20211230,1000,-4.9,
707,20211230,1100,-4.6,
708,20211230,1200,-4.1,
709,20211230,1300,-4.1,
710,20211230,1400,-4.0,
711,20211230,1500,-4.1,
712,20211230,1600,-4.2,
713,20211230,1700,-4.4,
714,20211230,1800,-3.0,
715,20211230,1900,-1.3,
716,20211230,2000,-0.7,
717,20211230,2100,-0.2,
718,20211230,2200,0.1,
719,20211230,2300,-0.4,
720,20211231,0,-0.8,
721,20211231,100,-2.0,
722,20211231,200,-3.2,
723,20211231,300,-3.8,
724,20211231,400,-4.2,
725,20211231,500,-4.6,
726,20211231,600,-4.6,
727,20211231,700,-4.7,
728,20211231,800,-4.8,
729,20211231,900,-4.4,
730,20211231,1000,-4.6,
731,20211231,1100,-4.5,
732,20211231,1200,-5.1,
733,20211231,1300,-6.0,
734,20211231,1400,-6.6,
735,20211231,1500,-7.2,
736,20211231,1600,-7.1,
737,20211231,1700,-5.9,
738,20211231,1800,-4.4,
739,20211231,1900,-3.5,
740,20211231,2000,-2.4,
741,20211231,2100,-1.8,
742,20211231,2200,-2.1,
743,20211231,2300,-2.6,
744,20220101,0,-2.3,
745,20220101,100,-3.1,
746,20220101,200,-4.3,
747,20220101,300,-4.9,
748,20220101,400,-5.6,
749,20220101,500,-6.3,
750,20220101,600,-6.1,
751,20220101,700,-6.4,
752,20220101,800,-6.1,
753,20220101,900,-5.9,
754,20220101,1000,-5.8,
755,20220101,1100,-5.7,
756,20220101,1200,-5.3,
757,20220101,1300,-5.3,
758,20220101,1400,-5.2,
759,20220101,1500,-5.1,
760,20220101,1600,-4.8,
761,20220101,1700,-4.2,
762,20220101,1800,-3.6,
763,20220101,1900,-2.7,
764,20220101,2000,-1.9,
765,20220101,2100,-1.6,
766,20220101,2200,-0.9,
767,20220101,2300,-0.5,
768,20220102,0,-0.3,
769,20220102,100,-0.2,
770,20220102,200,-0.4,
771,20220102,300,0.1,
772,20220102,400,0.2,
773,20220102,500,1.1,
774,20220102,600,1.6,
775,20220102,700,1.4,
776,20220102,800,1.3,
777,20220102,900,1.3,
778,20220102,1000,1.6,
779,20220102,1100,0.7,
780,20220102,1200,0.6,
781,20220102,1300,0.6,
782,20220102,1400,0.6,
783,20220102,1500,0.9,
784,20220102,1600,1.4,
785,20220102,1700,2.7,
786,20220102,1800,3.1,
787,20220102,1900,3.4,
788,20220102,2000,3.6,
789,20220102,2100,4.3,
790,20220102,2200,4.8,
791,20220102,2300,4.7,
792,20220103,0,4.5,
793,20220103,100,4.1,
794,20220103,200,3.8,
795,20220103,300,4.3,
796,20220103,400,4.4,
797,20220103,500,4.0,
798,20220103,600,3.9,
799,20220103,700,3.7,
800,20220103,800,3.6,
801,20220103,900,3.4,
802,20220103,1000,3.4,
803,20220103,1100,3.1,
804,20220103,1200,3.4,
805,20220103,1300,3.4,
806,20220103,1400,3.2,
807,20220103,1500,3.2,
808,20220103,1600,1.6,
809,20220103,1700,3.0,
810,20220103,1800,3.3,
811,20220103,1900,3.4,
812,20220103,2000,4.1,
813,20220103,2100,3.5,
814,20220103,2200,3.5,
815,20220103,2300,4.1,
816,20220104,0,3.3,
817,20220104,100,2.4,
818,20220104,200,2.2,
819,20220104,300,1.7,
820,20220104,400,1.2,
821,20220104,500,1.3,
822,20220104,600,1.3,
823,20220104,700,0.6,
824,20220104,800,0.7,
825,20220104,900,0.9,
826,20220104,1000,0.9,
827,20220104,1100,0.7,
828,20220104,1200,0.6,
829,20220104,1300,0.8,
830,20220104,1400,0.5,
831,20220104,1500,1.3,
832,20220104,1600,2.0,
833,20220104,1700,1.8,
834,20220104,1800,1.8,
835,20220104,1900,2.0,
836,20220104,2000,2.1,
837,20220104,2100,2.2,
838,20220104,2200,0.9,
839,20220104,2300,0.6,
840,20220105,0,0.4,
841,20220105,100,0.5,
842,20220105,200,0.5,
843,20220105,300,0.4,
844,20220105,400,0.3,
845,20220105,500,0.3,
846,20220105,600,0.3,
847,20220105,700,0.5,
848,20220105,800,0.7,
849,20220105,900,0.4,
850,20220105,1000,0.6,
851,20220105,1100,0.2,
852,20220105,1200,0.3,
853,20220105,1300,-0.7,
854,20220105,1400,-1.3,
855,20220105,1500,-1.8,
856,20220105,1600,-2.1,
857,20220105,1700,-2.6,
858,20220105,1800,-2.5,
859,20220105,1900,-2.1,
860,20220105,2000,-1.5,
861,20220105,2100,-1.6,
862,20220105,2200,-1.6,
863,20220105,2300,-1.9,
864,20220106,0,-2.3,
865,20220106,100,-2.2,
866,20220106,200,-2.4,
867,20220106,300,-2.9,
868,20220106,400,-3.2,
869,20220106,500,-3.6,
870,20220106,600,-3.5,
871,20220106,700,-3.3,
872,20220106,800,-3.0,
873,20220106,900,-2.4,
874,20220106,1000,-1.4,
875,20220106,1100,-0.8,
876,20220106,1200,-1.4,
877,20220106,1300,-1.8,
878,20220106,1400,-1.7,
879,20220106,1500,-1.5,
880,20220106,1600,-1.4,
881,20220106,1700,-1.1,
882,20220106,1800,-0.6,
883,20220106,1900,-0.1,
884,20220106,2000,0.3,
885,20220106,2100,0.6,
886,20220106,2200,1.4,
887,20220106,2300,2.1,
888,20220107,0,2.1,
889,20220107,100,2.7,
890,20220107,200,2.4,
891,20220107,300,4.7,
892,20220107,400,2.3,
893,20220107,500,3.5,
894,20220107,600,3.4,
895,20220107,700,3.7,
896,20220107,800,2.9,
897,20220107,900,3.1,
898,20220107,1000,3.4,
899,20220107,1100,3.8,
900,20220107,1200,3.6,
901,20220107,1300,3.3,
902,20220107,1400,3.2,
903,20220107,1500,3.4,
904,20220107,1600,3.3,
905,20220107,1700,2.2,
906,20220107,1800,1.8,
907,20220107,1900,2.3,
908,20220107,2000,2.2,
909,20220107,2100,2.4,
910,20220107,2200,2.3,
911,20220107,2300,2.7,
912,20220108,0,2.7,
913,20220108,100,2.6,
914,20220108,200,2.2,
915,20220108,300,2.0,
916,20220108,400,2.2,
917,20220108,500,1.5,
918,20220108,600,1.7,
919,20220108,700,1.7,
920,20220108,800,1.7,
921,20220108,900,0.8,
922,20220108,1000,0.7,
923,20220108,1100,0.5,
924,20220108,1200,0.3,
925,20220108,1300,-0.3,
926,20220108,1400,-0.5,
927,20220108,1500,-0.7,
928,20220108,1600,-0.4,
929,20220108,1700,-0.1,
930,20220108,1800,0.8,
931,20220108,1900,0.5,
932,20220108,2000,0.4,
933,20220108,2100,0.6,
934,20220108,2200,0.7,
935,20220108,2300,0.6,
936,20220109,0,0.7,
937,20220109,100,0.8,
938,20220109,200,1.1,
939,20220109,300,1.3,
940,20220109,400,1.7,
941,20220109,500,1.8,
942,20220109,600,1.9,
943,20220109,700,2.0,
944,20220109,800,2.1,
945,20220109,900,2.2,
946,20220109,1000,2.4,
947,20220109,1100,2.4,
948,20220109,1200,2.3,
949,20220109,1300,2.1,
950,20220109,1400,1.9,
951,20220109,1500,2.0,
952,20220109,1600,1.8,
953,20220109,1700,2.0,
954,20220109,1800,3.6,
955,20220109,1900,4.3,
956,20220109,2000,5.3,
957,20220109,2100,6.8,
958,20220109,2200,7.9,
959,20220109,2300,7.7,
960,20220110,0,7.2,
961,20220110,100,5.8,
962,20220110,200,4.4,
963,20220110,300,4.0,
964,20220110,400,3.6,
965,20220110,500,3.3,
966,20220110,600,3.4,
967,20220110,700,3.2,
968,20220110,800,3.3,
969,20220110,900,3.4,
970,20220110,1000,3.3,
971,20220110,1100,2.6,
972,20220110,1200,3.3,
973,20220110,1300,3.1,
974,20220110,1400,2.6,
975,20220110,1500,3.7,
976,20220110,1600,3.5,
977,20220110,1700,3.0,
978,20220110,1800,3.6,
979,20220110,1900,4.3,
980,20220110,2000,4.8,
981,20220110,2100,5.3,
982,20220110,2200,5.2,
983,20220110,2300,5.3,
984,20220111,0,5.6,
985,20220111,100,5.5,
986,20220111,200,5.6,
987,20220111,300,5.6,
988,20220111,400,5.7,
989,20220111,500,6.0,
990,20220111,600,6.7,
991,20220111,700,7.2,
992,20220111,800,6.7,
993,20220111,900,6.8,
994,20220111,1000,6.8,
995,20220111,1100,7.0,
996,20220111,1200,7.7,
997,20220111,1300,8.5,
998,20220111,1400,8.4,
999,20220111,1500,8.6,
1000,20220111,1600,8.7,
1001,20220111,1700,9.2,
1002,20220111,1800,8.7,
1003,20220111,1900,8.3,
1004,20220111,2000,8.6,
1005,20220111,2100,8.2,
1006,20220111,2200,8.2,
1007,20220111,2300,7.8,
1008,20220112,0,8.2,
1009,20220112,100,8.4,
1010,20220112,200,8.6,
1011,20220112,300,8.3,
1012,20220112,400,8.1,
1013,20220112,500,8.4,
1014,20220112,600,9.4,
1015,20220112,700,9.8,
1016,20220112,800,8.2,
1017,20220112,900,8.8,
1018,20220112,1000,8.0,
1019,20220112,1100,7.8,
1020,20220112,1200,7.6,
1021,20220112,1300,7.6,
1022,20220112,1400,7.9,
1023,20220112,1500,8.1,
1024,20220112,1600,8.3,
1025,20220112,1700,8.7,
1026,20220112,1800,8.4,
1027,20220112,1900,8.6,
1028,20220112,2000,8.7,
1029,20220112,2100,8.9,
1030,20220112,2200,9.4,
1031,20220112,2300,9.5,
1032,20220113,0,9.7,
1033,20220113,100,9.9,
1034,20220113,200,9.8,
1035,20220113,300,9.4,
1036,20220113,400,8.9,
1037,20220113,500,8.8,
1038,20220113,600,8.6,
1039,20220113,700,8.5,
1040,20220113,800,8.2,
1041,20220113,900,7.9,
1042,20220113,1000,8.5,
1043,20220113,1100,7.7,
1044,20220113,1200,7.5,
1045,20220113,1300,7.5,
1046,20220113,1400,7.9,
1047,20220113,1500,8.1,
1048,20220113,1600,8.1,
1049,20220113,1700,8.3,
1050,20220113,1800,8.5,
1051,20220113,1900,8.6,
1052,20220113,2000,9.5,
1053,20220113,2100,10.7,
1054,20220113,2200,12.7,
1055,20220113,2300,11.6,
1056,20220114,0,11.8,
1057,20220114,100,11.0,
1058,20220114,200,8.9,
1059,20220114,300,7.8,
1060,20220114,400,7.2,
1061,20220114,500,6.8,
1062,20220114,600,6.7,
1063,20220114,700,6.8,
1064,20220114,800,7.2,
1065,20220114,900,7.1,
1066,20220114,1000,7.1,
1067,20220114,1100,6.9,
1068,20220114,1200,6.8,
1069,20220114,1300,6.7,
1070,20220114,1400,6.6,
1071,20220114,1500,6.7,
1072,20220114,1600,6.6,
1073,20220114,1700,6.9,
1074,20220114,1800,7.0,
1075,20220114,1900,7.6,
1076,20220114,2000,8.1,
1077,20220114,2100,8.6,
1078,20220114,2200,8.8,
1079,20220114,2300,9.1,
1080,20220115,0,9.1,
1081,20220115,100,8.8,
1082,20220115,200,8.2,
1083,20220115,300,7.6,
1084,20220115,400,7.2,
1085,20220115,500,7.1,
1086,20220115,600,6.8,
1087,20220115,700,6.6,
1088,20220115,800,6.5,
1089,20220115,900,6.5,
1090,20220115,1000,6.4,
1091,20220115,1100,6.2,
1092,20220115,1200,6.0,
1093,20220115,1300,5.8,
1094,20220115,1400,5.1,
1095,20220115,1500,5.5,
1096,20220115,1600,5.5,
1097,20220115,1700,5.7,
1098,20220115,1800,6.0,
1099,20220115,1900,6.3,
1100,20220115,2000,6.7,
1101,20220115,2100,6.8,
1102,20220115,2200,7.2,
1103,20220115,2300,6.9,
1104,20220116,0,6.9,
1105,20220116,100,6.8,
1106,20220116,200,6.6,
1107,20220116,300,6.6,
1108,20220116,400,6.5,
1109,20220116,500,6.2,
1110,20220116,600,5.9,
1111,20220116,700,5.7,
1112,20220116,800,5.8,
1113,20220116,900,5.5,
1114,20220116,1000,5.4,
1115,20220116,1100,5.2,
1116,20220116,1200,4.9,
1117,20220116,1300,4.9,
1118,20220116,1400,5.0,
1119,20220116,1500,5.2,
1120,20220116,1600,5.1,
1121,20220116,1700,5.2,
1122,20220116,1800,5.3,
1123,20220116,1900,5.6,
1124,20220116,2000,6.0,
1125,20220116,2100,6.6,
1126,20220116,2200,7.0,
1127,20220116,2300,7.3,
1128,20220117,0,7.3,
1129,20220117,100,6.8,
1130,20220117,200,6.3,
1131,20220117,300,6.1,
1132,20220117,400,5.8,
1133,20220117,500,5.7,
1134,20220117,600,5.7,
1135,20220117,700,5.4,
1136,20220117,800,5.1,
1137,20220117,900,4.8,
1138,20220117,1000,4.5,
1139,20220117,1100,4.3,
1140,20220117,1200,4.5,
1141,20220117,1300,4.3,
1142,20220117,1400,4.2,
1143,20220117,1500,4.4,
1144,20220117,1600,4.4,
1145,20220117,1700,4.6,
1146,20220117,1800,5.6,
1147,20220117,1900,5.7,
1148,20220117,2000,6.6,
1149,20220117,2100,6.7,
1150,20220117,2200,6.9,
1151,20220117,2300,6.9,
1152,20220118,0,6.7,
1153,20220118,100,6.1,
1154,20220118,200,5.9,
1155,20220118,300,5.9,
1156,20220118,400,5.8,
1157,20220118,500,5.8,
1158,20220118,600,5.8,
1159,20220118,700,5.8,
1160,20220118,800,5.8,
1161,20220118,900,5.7,
1162,20220118,1000,5.7,
1163,20220118,1100,5.8,
1164,20220118,1200,5.7,
1165,20220118,1300,5.7,
1166,20220118,1400,5.6,
1167,20220118,1500,5.6,
1168,20220118,1600,5.6,
1169,20220118,1700,5.8,
1170,20220118,1800,6.2,
1171,20220118,1900,6.4,
1172,20220118,2000,6.7,
1173,20220118,2100,6.9,
1174,20220118,2200,7.1,
1175,20220118,2300,7.1,
1176,20220119,0,7.1,
1177,20220119,100,7.1,
1178,20220119,200,7.0,
1179,20220119,300,7.0,
1180,20220119,400,6.8,
1181,20220119,500,6.8,
1182,20220119,600,6.8,
1183,20220119,700,6.7,
1184,20220119,800,6.6,
1185,20220119,900,6.6,
1186,20220119,1000,6.3,
1187,20220119,1100,6.3,
1188,20220119,1200,6.4,
1189,20220119,1300,6.3,
1190,20220119,1400,6.3,
1191,20220119,1500,6.2,
1192,20220119,1600,6.3,
1193,20220119,1700,6.4,
1194,20220119,1800,6.6,
1195,20220119,1900,7.0,
1196,20220119,2000,7.2,
1197,20220119,2100,7.7,
1198,20220119,2200,7.9,
1199,20220119,2300,8.3,
1200,20220120,0,8.0,
1201,20220120,100,7.6,
1202,20220120,200,7.3,
1203,20220120,300,7.2,
1204,20220120,400,7.0,
1205,20220120,500,6.7,
1206,20220120,600,6.6,
1207,20220120,700,6.7,
1208,20220120,800,6.7,
1209,20220120,900,6.6,
1210,20220120,1000,6.6,
1211,20220120,1100,6.4,
1212,20220120,1200,6.7,
1213,20220120,1300,7.1,
1214,20220120,1400,7.1,
1215,20220120,1500,7.4,
1216,20220120,1600,7.7,
1217,20220120,1700,7.9,
1218,20220120,1800,9.1,
1219,20220120,1900,9.5,
1220,20220120,2000,10.2,
1221,20220120,2100,10.3,
1222,20220120,2200,10.5,
1223,20220120,2300,9.3,
1224,20220121,0,9.4,
1225,20220121,100,8.6,
1226,20220121,200,7.6,
1227,20220121,300,7.1,
1228,20220121,400,7.1,
1229,20220121,500,6.6,
1230,20220121,600,6.0,
1231,20220121,700,5.9,
1232,20220121,800,5.4,
1233,20220121,900,5.3,
1234,20220121,1000,5.4,
1235,20220121,1100,5.0,
1236,20220121,1200,5.1,
1237,20220121,1300,4.9,
1238,20220121,1400,5.0,
1239,20220121,1500,5.1,
1240,20220121,1600,5.2,
1241,20220121,1700,5.2,
1242,20220121,1800,5.8,
1243,20220121,1900,6.4,
1244,20220121,2000,6.6,
1245,20220121,2100,7.1,
1246,20220121,2200,7.4,
1247,20220121,2300,7.9,
1248,20220122,0,7.8,
1249,20220122,100,7.3,
1250,20220122,200,6.7,
1251,20220122,300,6.4,
1252,20220122,400,6.2,
1253,20220122,500,6.1,
1254,20220122,600,6.0,
1255,20220122,700,5.9,
1256,20220122,800,5.7,
1257,20220122,900,5.5,
1258,20220122,1000,5.5,
1259,20220122,1100,5.4,
1260,20220122,1200,5.2,
1261,20220122,1300,4.8,
1262,20220122,1400,4.4,
1263,20220122,1500,4.2,
1264,20220122,1600,3.8,
1265,20220122,1700,4.6,
1266,20220122,1800,5.0,
1267,20220122,1900,6.4,
1268,20220122,2000,6.9,
1269,20220122,2100,7.6,
1270,20220122,2200,7.3,
1271,20220122,2300,7.7,
1272,20220123,0,7.1,
1273,20220123,100,6.0,
1274,20220123,200,5.2,
1275,20220123,300,4.8,
1276,20220123,400,4.5,
1277,20220123,500,3.9,
1278,20220123,600,3.3,
1279,20220123,700,3.2,
1280,20220123,800,2.9,
1281,20220123,900,2.4,
1282,20220123,1000,2.3,
1283,20220123,1100,2.8,
1284,20220123,1200,2.3,
1285,20220123,1300,1.9,
1286,20220123,1400,2.1,
1287,20220123,1500,2.1,
1288,20220123,1600,2.1,
1289,20220123,1700,2.2,
1290,20220123,1800,2.4,
1291,20220123,1900,2.6,
1292,20220123,2000,3.1,
1293,20220123,2100,3.3,
1294,20220123,2200,3.6,
1295,20220123,2300,3.7,
1296,20220124,0,3.1,
1297,20220124,100,3.3,
1298,20220124,200,3.4,
1299,20220124,300,3.5,
1300,20220124,400,3.7,
1301,20220124,500,3.6,
1302,20220124,600,3.6,
1303,20220124,700,3.2,
1304,20220124,800,3.0,
1305,20220124,900,2.9,
1306,20220124,1000,2.8,
1307,20220124,1100,2.4,
1308,20220124,1200,2.4,
1309,20220124,1300,2.4,
1310,20220124,1400,2.2,
1311,20220124,1500,2.1,
1312,20220124,1600,2.0,
1313,20220124,1700,2.1,
1314,20220124,1800,1.9,
1315,20220124,1900,2.2,
1316,20220124,2000,2.7,
1317,20220124,2100,2.8,
1318,20220124,2200,2.9,
1319,20220124,2300,2.9,
1320,20220125,0,2.8,
1321,20220125,100,2.4,
1322,20220125,200,2.3,
1323,20220125,300,2.3,
1324,20220125,400,2.3,
1325,20220125,500,2.1,
1326,20220125,600,2.1,
1327,20220125,700,2.0,
1328,20220125,800,1.7,
1329,20220125,900,1.8,
1330,20220125,1000,1.3,
1331,20220125,1100,1.3,
1332,20220125,1200,1.3,
1333,20220125,1300,1.2,
1334,20220125,1400,1.0,
1335,20220125,1500,1.1,
1336,20220125,1600,0.8,
1337,20220125,1700,0.8,
1338,20220125,1800,1.0,
1339,20220125,1900,1.3,
1340,20220125,2000,2.1,
1341,20220125,2100,2.8,
1342,20220125,2200,3.3,
1343,20220125,2300,3.8,
1344,20220126,0,3.5,
1345,20220126,100,2.7,
1346,20220126,200,2.3,
1347,20220126,300,2.3,
1348,20220126,400,2.4,
1349,20220126,500,2.3,
1350,20220126,600,2.2,
1351,20220126,700,2.2,
1352,20220126,800,1.8,
1353,20220126,900,1.9,
1354,20220126,1000,1.8,
1355,20220126,1100,1.3,
1356,20220126,1200,0.9,
1357,20220126,1300,1.1,
1358,20220126,1400,1.4,
1359,20220126,1500,1.2,
1360,20220126,1600,1.2,
1361,20220126,1700,1.2,
1362,20220126,1800,1.4,
1363,20220126,1900,1.6,
1364,20220126,2000,2.2,
1365,20220126,2100,3.0,
1366,20220126,2200,4.6,
1367,20220126,2300,6.1,
1368,20220127,0,6.1,
1369,20220127,100,5.0,
1370,20220127,200,3.5,
1371,20220127,300,2.8,
1372,20220127,400,2.4,
1373,20220127,500,2.4,
1374,20220127,600,2.0,
1375,20220127,700,1.5,
1376,20220127,800,1.8,
1377,20220127,900,1.6,
1378,20220127,1000,0.9,
1379,20220127,1100,1.2,
1380,20220127,1200,1.2,
1381,20220127,1300,1.1,
1382,20220127,1400,0.9,
1383,20220127,1500,0.9,
1384,20220127,1600,0.7,
1385,20220127,1700,0.1,
1386,20220127,1800,0.6,
1387,20220127,1900,1.3,
1388,20220127,2000,3.6,
1389,20220127,2100,4.7,
1390,20220127,2200,6.5,
1391,20220127,2300,7.8,
1392,20220128,0,7.4,
1393,20220128,100,5.7,
1394,20220128,200,4.3,
1395,20220128,300,3.3,
1396,20220128,400,2.7,
1397,20220128,500,2.2,
1398,20220128,600,1.7,
1399,20220128,700,1.4,
1400,20220128,800,1.2,
1401,20220128,900,0.7,
1402,20220128,1000,0.3,
1403,20220128,1100,0.9,
1404,20220128,1200,-0.2,
1405,20220128,1300,-0.3,
1406,20220128,1400,-0.2,
1407,20220128,1500,-0.3,
1408,20220128,1600,-0.4,
1409,20220128,1700,0.0,
1410,20220128,1800,1.5,
1411,20220128,1900,3.6,
1412,20220128,2000,6.0,
1413,20220128,2100,7.2,
1414,20220128,2200,8.4,
1415,20220128,2300,8.2,
1416,20220129,0,8.2,
1417,20220129,100,7.4,
1418,20220129,200,5.5,
1419,20220129,300,4.6,
1420,20220129,400,4.1,
1421,20220129,500,3.6,
1422,20220129,600,3.6,
1423,20220129,700,3.6,
1424,20220129,800,2.8,
1425,20220129,900,2.8,
1426,20220129,1000,2.4,
1427,20220129,1100,2.3,
1428,20220129,1200,1.8,
1429,20220129,1300,1.9,
1430,20220129,1400,1.8,
1431,20220129,1500,1.9,
1432,20220129,1600,2.1,
1433,20220129,1700,2.7,
1434,20220129,1800,3.1,
1435,20220129,1900,5.7,
1436,20220129,2000,6.0,
1437,20220129,2100,6.6,
1438,20220129,2200,7.2,
1439,20220129,2300,7.1,
1440,20220130,0,7.1,
1441,20220130,100,6.7,
1442,20220130,200,6.2,
1443,20220130,300,5.4,
1444,20220130,400,5.0,
1445,20220130,500,5.0,
1446,20220130,600,4.9,
1447,20220130,700,4.7,
1448,20220130,800,4.5,
1449,20220130,900,4.4,
1450,20220130,1000,4.3,
1451,20220130,1100,4.3,
1452,20220130,1200,4.3,
1453,20220130,1300,4.2,
1454,20220130,1400,4.4,
1455,20220130,1500,4.7,
1456,20220130,1600,4.7,
1457,20220130,1700,4.9,
1458,20220130,1800,5.3,
1459,20220130,1900,5.5,
1460,20220130,2000,5.6,
1461,20220130,2100,5.7,
1462,20220130,2200,5.8,
1463,20220130,2300,6.7,
1464,20220131,0,6.9,
1465,20220131,100,6.9,
1466,20220131,200,6.1,
1467,20220131,300,5.2,
1468,20220131,400,5.2,
1469,20220131,500,4.8,
1470,20220131,600,4.8,
1471,20220131,700,4.6,
1472,20220131,800,4.6,
1473,20220131,900,4.3,
1474,20220131,1000,4.2,
1475,20220131,1100,4.2,
1476,20220131,1200,4.2,
1477,20220131,1300,4.1,
1478,20220131,1400,3.9,
1479,20220131,1500,4.1,
1480,20220131,1600,3.6,
1481,20220131,1700,3.6,
1482,20220131,1800,5.0,
1483,20220131,1900,5.9,
1484,20220131,2000,5.7,
1485,20220131,2100,7.1,
1486,20220131,2200,7.1,
1487,20220131,2300,7.0,
1488,20220201,0,6.6,
1489,20220201,100,5.6,
1490,20220201,200,5.0,
1491,20220201,300,4.8,
1492,20220201,400,4.3,
1493,20220201,500,4.3,
1494,20220201,600,3.7,
1495,20220201,700,4.0,
1496,20220201,800,3.8,
1497,20220201,900,3.8,
1498,20220201,1000,3.5,
1499,20220201,1100,2.7,
1500,20220201,1200,3.4,
1501,20220201,1300,2.9,
1502,20220201,1400,1.3,
1503,20220201,1500,-0.1,
1504,20220201,1600,-0.3,
1505,20220201,1700,1.2,
1506,20220201,1800,3.2,
1507,20220201,1900,3.5,
1508,20220201,2000,4.2,
1509,20220201,2100,5.6,
1510,20220201,2200,5.8,
1511,20220201,2300,6.2,
1512,20220202,0,5.8,
1513,20220202,100,4.8,
1514,20220202,200,3.9,
1515,20220202,300,2.8,
1516,20220202,400,2.1,
1517,20220202,500,1.3,
1518,20220202,600,0.9,
1519,20220202,700,0.9,
1520,20220202,800,0.5,
1521,20220202,900,-0.1,
1522,20220202,1000,-0.7,
1523,20220202,1100,-0.4,
1524,20220202,1200,0.3,
1525,20220202,1300,0.3,
1526,20220202,1400,0.1,
1527,20220202,1500,-0.1,
1528,20220202,1600,0.2,
1529,20220202,1700,0.4,
1530,20220202,1800,0.6,
1531,20220202,1900,0.4,
1532,20220202,2000,0.4,
1533,20220202,2100,0.7,
1534,20220202,2200,1.1,
1535,20220202,2300,0.9,
1536,20220203,0,0.8,
1537,20220203,100,0.7,
1538,20220203,200,0.7,
1539,20220203,300,0.8,
1540,20220203,400,0.9,
1541,20220203,500,0.7,
1542,20220203,600,0.9,
1543,20220203,700,1.0,
1544,20220203,800,1.2,
1545,20220203,900,1.4,
1546,20220203,1000,1.5,
1547,20220203,1100,1.6,
1548,20220203,1200,1.7,
1549,20220203,1300,1.8,
1550,20220203,1400,2.0,
1551,20220203,1500,2.1,
1552,20220203,1600,2.3,
1553,20220203,1700,2.7,
1554,20220203,1800,3.1,
1555,20220203,1900,3.8,
1556,20220203,2000,4.5,
1557,20220203,2100,5.0,
1558,20220203,2200,5.2,
1559,20220203,2300,5.2,
1560,20220204,0,5.3,
1561,20220204,100,5.3,
1562,20220204,200,5.3,
1563,20220204,300,5.3,
1564,20220204,400,5.3,
1565,20220204,500,5.1,
1566,20220204,600,5.1,
1567,20220204,700,5.0,
1568,20220204,800,4.8,
1569,20220204,900,4.8,
1570,20220204,1000,4.7,
1571,20220204,1100,4.9,
1572,20220204,1200,5.1,
1573,20220204,1300,5.2,
1574,20220204,1400,5.4,
1575,20220204,1500,5.3,
1576,20220204,1600,5.4,
1577,20220204,1700,5.7,
1578,20220204,1800,5.7,
1579,20220204,1900,5.7,
1580,20220204,2000,5.8,
1581,20220204,2100,5.9,
1582,20220204,2200,6.1,
1583,20220204,2300,6.2,
1584,20220205,0,6.6,
1585,20220205,100,6.3,
1586,20220205,200,6.4,
1587,20220205,300,5.4,
1588,20220205,400,4.7,
1589,20220205,500,4.2,
1590,20220205,600,5.4,
1591,20220205,700,6.2,
1592,20220205,800,6.7,
1593,20220205,900,6.4,
1594,20220205,1000,6.4,
1595,20220205,1100,6.1,
1596,20220205,1200,6.5,
1597,20220205,1300,6.7,
1598,20220205,1400,6.0,
1599,20220205,1500,5.7,
1600,20220205,1600,5.2,
1601,20220205,1700,5.3,
1602,20220205,1800,5.9,
1603,20220205,1900,6.4,
1604,20220205,2000,6.7,
1605,20220205,2100,7.1,
1606,20220205,2200,7.2,
1607,20220205,2300,7.3,
1608,20220206,0,7.4,
1609,20220206,100,7.1,
1610,20220206,200,6.8,
1611,20220206,300,6.6,
1612,20220206,400,6.3,
1613,20220206,500,5.9,
1614,20220206,600,5.4,
1615,20220206,700,5.1,
1616,20220206,800,4.4,
1617,20220206,900,4.1,
1618,20220206,1000,4.0,
1619,20220206,1100,3.9,
1620,20220206,1200,3.2,
1621,20220206,1300,2.9,
1622,20220206,1400,2.4,
1623,20220206,1500,2.2,
1624,20220206,1600,2.5,
1625,20220206,1700,3.8,
1626,20220206,1800,5.5,
1627,20220206,1900,5.8,
1628,20220206,2000,7.5,
1629,20220206,2100,9.2,
1630,20220206,2200,10.7,
1631,20220206,2300,10.8,
1632,20220207,0,10.7,
1633,20220207,100,9.5,
1634,20220207,200,7.1,
1635,20220207,300,6.1,
1636,20220207,400,5.3,
1637,20220207,500,4.8,
1638,20220207,600,5.4,
1639,20220207,700,5.3,
1640,20220207,800,5.4,
1641,20220207,900,5.8,
1642,20220207,1000,5.9,
1643,20220207,1100,5.9,
1644,20220207,1200,6.3,
1645,20220207,1300,6.0,
1646,20220207,1400,6.2,
1647,20220207,1500,6.2,
1648,20220207,1600,6.3,
1649,20220207,1700,7.2,
1650,20220207,1800,8.9,
1651,20220207,1900,10.3,
1652,20220207,2000,11.2,
1653,20220207,2100,10.8,
1654,20220207,2200,11.2,
1655,20220207,2300,11.6,
1656,20220208,0,12.3,
1657,20220208,100,10.7,
1658,20220208,200,8.9,
1659,20220208,300,8.1,
1660,20220208,400,7.2,
1661,20220208,500,6.6,
1662,20220208,600,6.2,
1663,20220208,700,6.0,
1664,20220208,800,5.6,
1665,20220208,900,5.2,
1666,20220208,1000,4.8,
1667,20220208,1100,5.3,
1668,20220208,1200,5.7,
1669,20220208,1300,5.3,
1670,20220208,1400,5.2,
1671,20220208,1500,5.4,
1672,20220208,1600,5.5,
1673,20220208,1700,5.8,
1674,20220208,1800,6.3,
1675,20220208,1900,6.7,
1676,20220208,2000,7.1,
1677,20220208,2100,7.2,
1678,20220208,2200,7.1,
1679,20220208,2300,6.8,
1680,20220209,0,7.0,
1681,20220209,100,7.1,
1682,20220209,200,6.8,
1683,20220209,300,6.7,
1684,20220209,400,6.2,
1685,20220209,500,5.7,
1686,20220209,600,5.6,
1687,20220209,700,5.6,
1688,20220209,800,5.4,
1689,20220209,900,5.4,
1690,20220209,1000,5.4,
1691,20220209,1100,5.4,
1692,20220209,1200,5.6,
1693,20220209,1300,5.6,
1694,20220209,1400,5.6,
1695,20220209,1500,5.6,
1696,20220209,1600,5.7,
1697,20220209,1700,6.0,
1698,20220209,1800,6.2,
1699,20220209,1900,6.6,
1700,20220209,2000,7.3,
1701,20220209,2100,7.6,
1702,20220209,2200,8.1,
1703,20220209,2300,8.1,
1704,20220210,0,8.3,
1705,20220210,100,8.2,
1706,20220210,200,7.9,
1707,20220210,300,7.8,
1708,20220210,400,7.7,
1709,20220210,500,7.6,
1710,20220210,600,7.4,
1711,20220210,700,7.3,
1712,20220210,800,7.1,
1713,20220210,900,7.1,
1714,20220210,1000,6.7,
1715,20220210,1100,6.4,
1716,20220210,1200,6.3,
1717,20220210,1300,6.2,
1718,20220210,1400,6.2,
1719,20220210,1500,6.3,
1720,20220210,1600,6.3,
1721,20220210,1700,6.2,
1722,20220210,1800,6.3,
1723,20220210,1900,6.4,
1724,20220210,2000,6.6,
1725,20220210,2100,6.9,
1726,20220210,2200,7.0,
1727,20220210,2300,6.9,
1728,20220211,0,6.9,
1729,20220211,100,6.8,
1730,20220211,200,6.7,
1731,20220211,300,6.6,
1732,20220211,400,6.6,
1733,20220211,500,6.8,
1734,20220211,600,6.4,
1735,20220211,700,5.8,
1736,20220211,800,5.5,
1737,20220211,900,4.9,
1738,20220211,1000,4.4,
1739,20220211,1100,4.7,
1740,20220211,1200,4.7,
1741,20220211,1300,4.4,
1742,20220211,1400,3.4,
1743,20220211,1500,2.9,
1744,20220211,1600,2.7,
1745,20220211,1700,4.2,
1746,20220211,1800,5.2,
1747,20220211,1900,6.9,
1748,20220211,2000,7.6,
1749,20220211,2100,8.9,
1750,20220211,2200,9.8,
1751,20220211,2300,11.1,
1752,20220212,0,10.3,
1753,20220212,100,9.6,
1754,20220212,200,7.9,
1755,20220212,300,6.6,
1756,20220212,400,5.6,
1757,20220212,500,4.9,
1758,20220212,600,3.9,
1759,20220212,700,3.2,
1760,20220212,800,2.6,
1761,20220212,900,2.7,
1762,20220212,1000,2.1,
1763,20220212,1100,1.8,
1764,20220212,1200,1.3,
1765,20220212,1300,1.1,
1766,20220212,1400,0.6,
1767,20220212,1500,0.2,
1768,20220212,1600,0.3,
1769,20220212,1700,2.7,
1770,20220212,1800,4.9,
1771,20220212,1900,6.9,
1772,20220212,2000,8.8,
1773,20220212,2100,9.6,
1774,20220212,2200,10.3,
1775,20220212,2300,11.4,
1776,20220213,0,11.4,
1777,20220213,100,10.6,
1778,20220213,200,9.3,
1779,20220213,300,7.3,
1780,20220213,400,6.1,
1781,20220213,500,5.2,
1782,20220213,600,4.8,
1783,20220213,700,4.2,
1784,20220213,800,3.8,
1785,20220213,900,3.4,
1786,20220213,1000,3.2,
1787,20220213,1100,2.7,
1788,20220213,1200,2.4,
1789,20220213,1300,2.4,
1790,20220213,1400,1.8,
1791,20220213,1500,1.8,
1792,20220213,1600,1.8,
1793,20220213,1700,3.9,
1794,20220213,1800,7.6,
1795,20220213,1900,10.1,
1796,20220213,2000,11.3,
1797,20220213,2100,12.4,
1798,20220213,2200,13.8,
1799,20220213,2300,13.4,
1800,20220214,0,12.8,
1801,20220214,100,11.9,
1802,20220214,200,10.7,
1803,20220214,300,9.6,
1804,20220214,400,8.7,
1805,20220214,500,8.1,
1806,20220214,600,8.3,
1807,20220214,700,7.9,
1808,20220214,800,8.2,
1809,20220214,900,9.1,
1810,20220214,1000,9.0,
1811,20220214,1100,9.2,
1812,20220214,1200,9.0,
1813,20220214,1300,8.4,
1814,20220214,1400,7.4,
1815,20220214,1500,6.7,
1816,20220214,1600,5.9,
1817,20220214,1700,6.2,
1818,20220214,1800,6.2,
1819,20220214,1900,6.4,
1820,20220214,2000,6.8,
1821,20220214,2100,7.2,
1822,20220214,2200,7.3,
1823,20220214,2300,6.9,
1824,20220215,0,7.2,
1825,20220215,100,7.8,
1826,20220215,200,7.1,
1827,20220215,300,6.4,
1828,20220215,400,6.2,
1829,20220215,500,6.1,
1830,20220215,600,6.3,
1831,20220215,700,6.3,
1832,20220215,800,6.1,
1833,20220215,900,6.0,
1834,20220215,1000,5.8,
1835,20220215,1100,5.8,
1836,20220215,1200,5.6,
1837,20220215,1300,5.6,
1838,20220215,1400,5.4,
1839,20220215,1500,5.4,
1840,20220215,1600,5.5,
1841,20220215,1700,5.8,
1842,20220215,1800,6.3,
1843,20220215,1900,7.1,
1844,20220215,2000,7.7,
1845,20220215,2100,7.7,
1846,20220215,2200,7.7,
1847,20220215,2300,7.8,
1848,20220216,0,8.3,
1849,20220216,100,8.3,
1850,20220216,200,7.2,
1851,20220216,300,6.7,
1852,20220216,400,6.4,
1853,20220216,500,6.7,
1854,20220216,600,6.8,
1855,20220216,700,6.7,
1856,20220216,800,6.5,
1857,20220216,900,6.0,
1858,20220216,1000,5.6,
1859,20220216,1100,5.4,
1860,20220216,1200,4.6,
1861,20220216,1300,3.8,
1862,20220216,1400,3.9,
1863,20220216,1500,3.9,
1864,20220216,1600,4.4,
1865,20220216,1700,5.4,
1866,20220216,1800,7.1,
1867,20220216,1900,7.4,
1868,20220216,2000,7.6,
1869,20220216,2100,7.4,
1870,20220216,2200,7.7,
1871,20220216,2300,7.9,
1872,20220217,0,7.9,
1873,20220217,100,8.5,
1874,20220217,200,8.3,
1875,20220217,300,7.3,
1876,20220217,400,6.4,
1877,20220217,500,5.5,
1878,20220217,600,5.1,
1879,20220217,700,5.2,
1880,20220217,800,5.6,
1881,20220217,900,5.6,
1882,20220217,1000,5.4,
1883,20220217,1100,5.8,
1884,20220217,1200,5.5,
1885,20220217,1300,5.6,
1886,20220217,1400,5.6,
1887,20220217,1500,5.7,
1888,20220217,1600,5.8,
1889,20220217,1700,6.2,
1890,20220217,1800,6.5,
1891,20220217,1900,6.5,
1892,20220217,2000,7.0,
1893,20220217,2100,7.1,
1894,20220217,2200,7.6,
1895,20220217,2300,7.5,
1896,20220218,0,7.9,
1897,20220218,100,7.7,
1898,20220218,200,7.4,
1899,20220218,300,7.2,
1900,20220218,400,7.2,
1901,20220218,500,7.0,
1902,20220218,600,6.8,
1903,20220218,700,6.9,
1904,20220218,800,6.8,
1905,20220218,900,6.9,
1906,20220218,1000,6.8,
1907,20220218,1100,6.7,
1908,20220218,1200,6.5,
1909,20220218,1300,6.4,
1910,20220218,1400,6.3,
1911,20220218,1500,6.4,
1912,20220218,1600,6.6,
1913,20220218,1700,6.7,
1914,20220218,1800,7.1,
1915,20220218,1900,7.4,
1916,20220218,2000,7.5,
1917,20220218,2100,7.8,
1918,20220218,2200,8.4,
1919,20220218,2300,9.0,
1920,20220219,0,9.0,
1921,20220219,100,8.4,
1922,20220219,200,8.2,
1923,20220219,300,7.8,
1924,20220219,400,7.6,
1925,20220219,500,6.9,
1926,20220219,600,6.8,
1927,20220219,700,6.4,
1928,20220219,800,5.7,
1929,20220219,900,5.4,
1930,20220219,1000,5.3,
1931,20220219,1100,5.4,
1932,20220219,1200,5.6,
1933,20220219,1300,5.7,
1934,20220219,1400,5.5,
1935,20220219,1500,5.1,
1936,20220219,1600,4.8,
1937,20220219,1700,4.7,
1938,20220219,1800,5.2,
1939,20220219,1900,5.8,
1940,20220219,2000,5.9,
1941,20220219,2100,6.3,
1942,20220219,2200,6.4,
1943,20220219,2300,6.6,
1944,20220220,0,6.7,
1945,20220220,100,6.1,
1946,20220220,200,5.4,
1947,20220220,300,5.2,
1948,20220220,400,5.2,
1949,20220220,500,4.6,
1950,20220220,600,4.3,
1951,20220220,700,4.1,
1952,20220220,800,3.7,
1953,20220220,900,4.2,
1954,20220220,1000,4.3,
1955,20220220,1100,3.8,
1956,20220220,1200,3.3,
1957,20220220,1300,3.1,
1958,20220220,1400,2.9,
1959,20220220,1500,2.6,
1960,20220220,1600,2.0,
1961,20220220,1700,2.9,
1962,20220220,1800,3.7,
1963,20220220,1900,5.0,
1964,20220220,2000,6.2,
1965,20220220,2100,5.9,
1966,20220220,2200,6.9,
1967,20220220,2300,7.3,
1968,20220221,0,7.4,
1969,20220221,100,7.3,
1970,20220221,200,6.4,
1971,20220221,300,5.4,
1972,20220221,400,5.7,
1973,20220221,500,5.7,
1974,20220221,600,5.2,
1975,20220221,700,4.2,
1976,20220221,800,3.6,
1977,20220221,900,3.8,
1978,20220221,1000,3.4,
1979,20220221,1100,3.4,
1980,20220221,1200,2.4,
1981,20220221,1300,2.1,
1982,20220221,1400,2.3,
1983,20220221,1500,2.1,
1984,20220221,1600,2.3,
1985,20220221,1700,3.1,
1986,20220221,1800,4.2,
1987,20220221,1900,5.7,
1988,20220221,2000,6.4,
1989,20220221,2100,7.0,
1990,20220221,2200,6.0,
1991,20220221,2300,6.0,
1992,20220222,0,5.6,
1993,20220222,100,4.9,
1994,20220222,200,3.6,
1995,20220222,300,1.3,
1996,20220222,400,1.1,
1997,20220222,500,0.6,
1998,20220222,600,-0.1,
1999,20220222,700,-0.7,
2000,20220222,800,-1.2,
2001,20220222,900,-1.7,
2002,20220222,1000,-2.1,
2003,20220222,1100,-2.5,
2004,20220222,1200,-2.8,
2005,20220222,1300,-3.2,
2006,20220222,1400,-3.6,
2007,20220222,1500,-3.7,
2008,20220222,1600,-3.5,
2009,20220222,1700,-1.6,
2010,20220222,1800,-0.2,
2011,20220222,1900,0.6,
2012,20220222,2000,1.3,
2013,20220222,2100,2.1,
2014,20220222,2200,2.7,
2015,20220222,2300,3.3,
2016,20220223,0,2.7,
2017,20220223,100,1.7,
2018,20220223,200,0.2,
2019,20220223,300,-0.7,
2020,20220223,400,-1.5,
2021,20220223,500,-2.0,
2022,20220223,600,-2.2,
2023,20220223,700,-2.6,
2024,20220223,800,-3.2,
2025,20220223,900,-3.8,
2026,20220223,1000,-4.6,
2027,20220223,1100,-4.3,
2028,20220223,1200,-3.7,
2029,20220223,1300,-3.9,
2030,20220223,1400,-4.7,
2031,20220223,1500,-5.3,
2032,20220223,1600,-4.7,
2033,20220223,1700,-2.4,
2034,20220223,1800,-1.3,
2035,20220223,1900,-0.4,
2036,20220223,2000,-0.2,
2037,20220223,2100,0.6,
2038,20220223,2200,0.4,
2039,20220223,2300,0.3,
2040,20220224,0,1.2,
2041,20220224,100,0.6,
2042,20220224,200,0.4,
2043,20220224,300,0.2,
2044,20220224,400,0.1,
2045,20220224,500,-0.5,
2046,20220224,600,-2.4,
2047,20220224,700,-2.6,
2048,20220224,800,-2.7,
2049,20220224,900,-2.8,
2050,20220224,1000,-2.8,
2051,20220224,1100,-2.8,
2052,20220224,1200,-2.9,
2053,20220224,1300,-3.4,
2054,20220224,1400,-4.2,
2055,20220224,1500,-4.6,
2056,20220224,1600,-4.3,
2057,20220224,1700,-1.2,
2058,20220224,1800,0.7,
2059,20220224,1900,1.3,
2060,20220224,2000,2.5,
2061,20220224,2100,3.4,
2062,20220224,2200,4.1,
2063,20220224,2300,4.8,
2064,20220225,0,4.8,
2065,20220225,100,4.6,
2066,20220225,200,3.1,
2067,20220225,300,1.9,
2068,20220225,400,1.1,
2069,20220225,500,0.2,
2070,20220225,600,-0.4,
2071,20220225,700,-0.4,
2072,20220225,800,-0.9,
2073,20220225,900,-1.0,
2074,20220225,1000,-1.1,
2075,20220225,1100,-1.4,
2076,20220225,1200,-1.5,
2077,20220225,1300,-1.7,
2078,20220225,1400,-1.9,
2079,20220225,1500,-2.4,
2080,20220225,1600,-1.6,
2081,20220225,1700,1.0,
2082,20220225,1800,2.4,
2083,20220225,1900,3.9,
2084,20220225,2000,4.9,
2085,20220225,2100,5.5,
2086,20220225,2200,6.1,
2087,20220225,2300,5.6,
2088,20220226,0,6.2,
2089,20220226,100,6.1,
2090,20220226,200,4.6,
2091,20220226,300,3.4,
2092,20220226,400,2.4,
2093,20220226,500,1.5,
2094,20220226,600,1.0,
2095,20220226,700,0.8,
2096,20220226,800,0.9,
2097,20220226,900,1.4,
2098,20220226,1000,0.5,
2099,20220226,1100,0.9,
2100,20220226,1200,0.9,
2101,20220226,1300,0.2,
2102,20220226,1400,0.2,
2103,20220226,1500,1.3,
2104,20220226,1600,2.1,
2105,20220226,1700,2.1,
2106,20220226,1800,3.7,
2107,20220226,1900,4.7,
2108,20220226,2000,5.2,
2109,20220226,2100,5.8,
2110,20220226,2200,9.2,
2111,20220226,2300,10.9,
2112,20220227,0,7.5,
2113,20220227,100,5.3,
2114,20220227,200,4.3,
2115,20220227,300,3.9,
2116,20220227,400,3.9,
2117,20220227,500,4.2,
2118,20220227,600,4.8,
2119,20220227,700,4.8,
2120,20220227,800,4.9,
2121,20220227,900,5.2,
2122,20220227,1000,5.9,
2123,20220227,1100,6.1,
2124,20220227,1200,6.2,
2125,20220227,1300,6.8,
2126,20220227,1400,6.9,
2127,20220227,1500,7.1,
2128,20220227,1600,7.0,
2129,20220227,1700,7.2,
2130,20220227,1800,8.4,
2131,20220227,1900,9.6,
2132,20220227,2000,9.9,
2133,20220227,2100,9.4,
2134,20220227,2200,9.3,
2135,20220227,2300,9.0,
2136,20220228,0,8.4,
2137,20220228,100,8.1,
2138,20220228,200,7.3,
2139,20220228,300,7.1,
2140,20220228,400,7.0,
2141,20220228,500,6.8,
2142,20220228,600,6.6,
2143,20220228,700,6.4,
2144,20220228,800,6.3,
2145,20220228,900,6.3,
2146,20220228,1000,5.8,
2147,20220228,1100,6.2,
2148,20220228,1200,6.3,
2149,20220228,1300,6.3,
2150,20220228,1400,6.3,
2151,20220228,1500,5.9,
2152,20220228,1600,6.4,
2153,20220228,1700,6.4,
2154,20220228,1800,6.7,
2155,20220228,1900,7.2,
2156,20220228,2000,7.7,
2157,20220228,2100,7.3,
2158,20220228,2200,7.2,
2159,20220228,2300,7.4,
2160,20220901,0,29.3,
2161,20220901,100,27.1,
2162,20220901,200,26.3,
2163,20220901,300,24.9,
2164,20220901,400,24.1,
2165,20220901,500,23.9,
2166,20220901,600,23.1,
2167,20220901,700,22.0,
2168,20220901,800,21.2,
2169,20220901,900,21.1,
2170,20220901,1000,20.7,
2171,20220901,1100,19.9,
2172,20220901,1200,19.7,
2173,20220901,1300,18.8,
2174,20220901,1400,18.2,
2175,20220901,1500,18.4,
2176,20220901,1600,19.1,
2177,20220901,1700,19.5,
2178,20220901,1800,19.9,
2179,20220901,1900,21.3,
2180,20220901,2000,22.6,
2181,20220901,2100,23.2,
2182,20220901,2200,24.6,
2183,20220901,2300,25.4,
2184,20220902,0,25.4,
2185,20220902,100,25.1,
2186,20220902,200,24.2,
2187,20220902,300,22.3,
2188,20220902,400,21.1,
2189,20220902,500,20.3,
2190,20220902,600,19.6,
2191,20220902,700,18.8,
2192,20220902,800,18.4,
2193,20220902,900,17.8,
2194,20220902,1000,17.3,
2195,20220902,1100,16.8,
2196,20220902,1200,16.4,
2197,20220902,1300,16.1,
2198,20220902,1400,15.9,
2199,20220902,1500,17.3,
2200,20220902,1600,19.4,
2201,20220902,1700,21.8,
2202,20220902,1800,23.3,
2203,20220902,1900,24.7,
2204,20220902,2000,25.9,
2205,20220902,2100,26.6,
2206,20220902,2200,28.3,
2207,20220902,2300,28.3,
2208,20220903,0,28.5,
2209,20220903,100,28.8,
2210,20220903,200,27.1,
2211,20220903,300,22.8,
2212,20220903,400,21.2,
2213,20220903,500,20.8,
2214,20220903,600,21.2,
2215,20220903,700,20.1,
2216,20220903,800,18.3,
2217,20220903,900,17.2,
2218,20220903,1000,16.8,
2219,20220903,1100,16.6,
2220,20220903,1200,16.1,
2221,20220903,1300,15.2,
2222,20220903,1400,15.2,
2223,20220903,1500,15.6,
2224,20220903,1600,16.2,
2225,20220903,1700,16.8,
2226,20220903,1800,17.3,
2227,20220903,1900,18.1,
2228,20220903,2000,19.9,
2229,20220903,2100,21.5,
2230,20220903,2200,22.7,
2231,20220903,2300,22.7,
2232,20220904,0,22.2,
2233,20220904,100,21.9,
2234,20220904,200,20.9,
2235,20220904,300,19.7,
2236,20220904,400,19.0,
2237,20220904,500,18.9,
2238,20220904,600,18.1,
2239,20220904,700,17.4,
2240,20220904,800,17.2,
2241,20220904,900,17.4,
2242,20220904,1000,17.3,
2243,20220904,1100,17.3,
2244,20220904,1200,17.4,
2245,20220904,1300,17.7,
2246,20220904,1400,17.9,
2247,20220904,1500,17.9,
2248,20220904,1600,17.7,
2249,20220904,1700,18.2,
2250,20220904,1800,18.7,
2251,20220904,1900,18.0,
2252,20220904,2000,17.2,
2253,20220904,2100,17.1,
2254,20220904,2200,17.1,
2255,20220904,2300,17.5,
2256,20220905,0,18.1,
2257,20220905,100,18.1,
2258,20220905,200,18.1,
2259,20220905,300,17.8,
2260,20220905,400,17.3,
2261,20220905,500,16.5,
2262,20220905,600,15.8,
2263,20220905,700,15.1,
2264,20220905,800,14.8,
2265,20220905,900,14.2,
2266,20220905,1000,13.4,
2267,20220905,1100,13.2,
2268,20220905,1200,13.2,
2269,20220905,1300,12.7,
2270,20220905,1400,12.2,
2271,20220905,1500,13.1,
2272,20220905,1600,14.3,
2273,20220905,1700,15.5,
2274,20220905,1800,17.9,
2275,20220905,1900,19.2,
2276,20220905,2000,19.7,
2277,20220905,2100,20.7,
2278,20220905,2200,21.4,
2279,20220905,2300,21.3,
2280,20220906,0,21.6,
2281,20220906,100,21.6,
2282,20220906,200,21.6,
2283,20220906,300,19.1,
2284,20220906,400,17.2,
2285,20220906,500,15.7,
2286,20220906,600,15.2,
2287,20220906,700,14.6,
2288,20220906,800,14.2,
2289,20220906,900,13.8,
2290,20220906,1000,13.3,
2291,20220906,1100,12.7,
2292,20220906,1200,12.2,
2293,20220906,1300,12.1,
2294,20220906,1400,11.9,
2295,20220906,1500,14.1,
2296,20220906,1600,16.7,
2297,20220906,1700,19.3,
2298,20220906,1800,20.2,
2299,20220906,1900,21.6,
2300,20220906,2000,21.7,
2301,20220906,2100,23.0,
2302,20220906,2200,23.8,
2303,20220906,2300,24.1,
2304,20220907,0,24.8,
2305,20220907,100,24.5,
2306,20220907,200,23.9,
2307,20220907,300,21.4,
2308,20220907,400,19.3,
2309,20220907,500,18.2,
2310,20220907,600,17.2,
2311,20220907,700,16.4,
2312,20220907,800,15.7,
2313,20220907,900,14.9,
2314,20220907,1000,14.3,
2315,20220907,1100,14.8,
2316,20220907,1200,14.7,
2317,20220907,1300,14.5,
2318,20220907,1400,14.8,
2319,20220907,1500,15.3,
2320,20220907,1600,17.5,
2321,20220907,1700,18.5,
2322,20220907,1800,18.5,
2323,20220907,1900,19.1,
2324,20220907,2000,20.5,
2325,20220907,2100,20.4,
2326,20220907,2200,20.9,
2327,20220907,2300,21.2,
2328,20220908,0,22.0,
2329,20220908,100,21.6,
2330,20220908,200,21.6,
2331,20220908,300,19.6,
2332,20220908,400,18.7,
2333,20220908,500,17.2,
2334,20220908,600,16.3,
2335,20220908,700,15.2,
2336,20220908,800,14.4,
2337,20220908,900,13.9,
2338,20220908,1000,13.0,
2339,20220908,1100,12.1,
2340,20220908,1200,11.6,
2341,20220908,1300,11.2,
2342,20220908,1400,10.8,
2343,20220908,1500,11.8,
2344,20220908,1600,15.1,
2345,20220908,1700,16.6,
2346,20220908,1800,18.1,
2347,20220908,1900,18.8,
2348,20220908,2000,18.9,
2349,20220908,2100,20.3,
2350,20220908,2200,20.6,
2351,20220908,2300,21.6,
2352,20220909,0,21.4,
2353,20220909,100,21.7,
2354,20220909,200,20.3,
2355,20220909,300,18.6,
2356,20220909,400,17.3,
2357,20220909,500,16.4,
2358,20220909,600,15.7,
2359,20220909,700,15.4,
2360,20220909,800,15.0,
2361,20220909,900,14.1,
2362,20220909,1000,14.0,
2363,20220909,1100,13.4,
2364,20220909,1200,13.2,
2365,20220909,1300,13.1,
2366,20220909,1400,13.3,
2367,20220909,1500,13.8,
2368,20220909,1600,15.6,
2369,20220909,1700,17.4,
2370,20220909,1800,19.2,
2371,20220909,1900,19.7,
2372,20220909,2000,20.4,
2373,20220909,2100,22.6,
2374,20220909,2200,24.1,
2375,20220909,2300,24.8,
2376,20220910,0,25.6,
2377,20220910,100,25.3,
2378,20220910,200,22.3,
2379,20220910,300,20.3,
2380,20220910,400,18.6,
2381,20220910,500,17.8,
2382,20220910,600,17.4,
2383,20220910,700,18.1,
2384,20220910,800,18.7,
2385,20220910,900,16.7,
2386,20220910,1000,15.2,
2387,20220910,1100,15.2,
2388,20220910,1200,14.6,
2389,20220910,1300,13.7,
2390,20220910,1400,13.1,
2391,20220910,1500,14.2,
2392,20220910,1600,17.8,
2393,20220910,1700,20.7,
2394,20220910,1800,23.4,
2395,20220910,1900,25.8,
2396,20220910,2000,26.6,
2397,20220910,2100,27.8,
2398,20220910,2200,27.1,
2399,20220910,2300,27.7,
2400,20220911,0,26.5,
2401,20220911,100,25.7,
2402,20220911,200,24.1,
2403,20220911,300,22.7,
2404,20220911,400,21.5,
2405,20220911,500,21.1,
2406,20220911,600,20.1,
2407,20220911,700,19.0,
2408,20220911,800,18.6,
2409,20220911,900,18.6,
2410,20220911,1000,17.8,
2411,20220911,1100,16.8,
2412,20220911,1200,16.4,
2413,20220911,1300,16.2,
2414,20220911,1400,16.9,
2415,20220911,1500,17.7,
2416,20220911,1600,18.4,
2417,20220911,1700,21.4,
2418,20220911,1800,22.6,
2419,20220911,1900,24.2,
2420,20220911,2000,25.1,
2421,20220911,2100,26.7,
2422,20220911,2200,26.1,
2423,20220911,2300,25.7,
2424,20220912,0,25.6,
2425,20220912,100,25.2,
2426,20220912,200,24.1,
2427,20220912,300,22.5,
2428,20220912,400,21.6,
2429,20220912,500,20.3,
2430,20220912,600,19.6,
2431,20220912,700,19.5,
2432,20220912,800,18.9,
2433,20220912,900,18.3,
2434,20220912,1000,18.8,
2435,20220912,1100,17.6,
2436,20220912,1200,18.0,
2437,20220912,1300,17.9,
2438,20220912,1400,18.1,
2439,20220912,1500,17.6,
2440,20220912,1600,18.1,
2441,20220912,1700,19.7,
2442,20220912,1800,19.6,
2443,20220912,1900,20.6,
2444,20220912,2000,20.9,
2445,20220912,2100,21.9,
2446,20220912,2200,22.0,
2447,20220912,2300,22.1,
2448,20220913,0,21.3,
2449,20220913,100,20.9,
2450,20220913,200,19.6,
2451,20220913,300,18.7,
2452,20220913,400,17.7,
2453,20220913,500,17.1,
2454,20220913,600,16.6,
2455,20220913,700,16.1,
2456,20220913,800,16.4,
2457,20220913,900,16.0,
2458,20220913,1000,15.2,
2459,20220913,1100,14.6,
2460,20220913,1200,13.9,
2461,20220913,1300,13.6,
2462,20220913,1400,13.6,
2463,20220913,1500,14.6,
2464,20220913,1600,15.6,
2465,20220913,1700,17.6,
2466,20220913,1800,19.8,
2467,20220913,1900,19.6,
2468,20220913,2000,19.8,
2469,20220913,2100,19.7,
2470,20220913,2200,20.4,
2471,20220913,2300,21.3,
2472,20220914,0,21.4,
2473,20220914,100,20.4,
2474,20220914,200,19.7,
2475,20220914,300,18.7,
2476,20220914,400,17.6,
2477,20220914,500,16.8,
2478,20220914,600,15.7,
2479,20220914,700,15.1,
2480,20220914,800,14.7,
2481,20220914,900,14.7,
2482,20220914,1000,15.1,
2483,20220914,1100,15.2,
2484,20220914,1200,15.3,
2485,20220914,1300,15.3,
2486,20220914,1400,14.9,
2487,20220914,1500,15.0,
2488,20220914,1600,15.8,
2489,20220914,1700,17.8,
2490,20220914,1800,19.5,
2491,20220914,1900,18.9,
2492,20220914,2000,20.2,
2493,20220914,2100,20.8,
2494,20220914,2200,21.7,
2495,20220914,2300,21.4,
2496,20220915,0,20.9,
2497,20220915,100,20.3,
2498,20220915,200,19.1,
2499,20220915,300,18.2,
2500,20220915,400,17.4,
2501,20220915,500,17.4,
2502,20220915,600,17.6,
2503,20220915,700,17.5,
2504,20220915,800,16.9,
2505,20220915,900,16.8,
2506,20220915,1000,15.8,
2507,20220915,1100,15.6,
2508,20220915,1200,15.4,
2509,20220915,1300,15.1,
2510,20220915,1400,14.6,
2511,20220915,1500,14.5,
2512,20220915,1600,14.9,
2513,20220915,1700,14.9,
2514,20220915,1800,15.4,
2515,20220915,1900,15.6,
2516,20220915,2000,15.4,
2517,20220915,2100,15.7,
2518,20220915,2200,15.8,
2519,20220915,2300,15.9,
2520,20220916,0,16.1,
2521,20220916,100,16.6,
2522,20220916,200,16.6,
2523,20220916,300,16.1,
2524,20220916,400,15.7,
2525,20220916,500,15.6,
2526,20220916,600,15.4,
2527,20220916,700,15.3,
2528,20220916,800,15.3,
2529,20220916,900,14.5,
2530,20220916,1000,14.2,
2531,20220916,1100,13.9,
2532,20220916,1200,14.0,
2533,20220916,1300,13.4,
2534,20220916,1400,12.3,
2535,20220916,1500,12.3,
2536,20220916,1600,13.2,
2537,20220916,1700,13.0,
2538,20220916,1800,13.1,
2539,20220916,1900,13.8,
2540,20220916,2000,15.6,
2541,20220916,2100,17.9,
2542,20220916,2200,18.3,
2543,20220916,2300,18.9,
2544,20220917,0,19.1,
2545,20220917,100,17.6,
2546,20220917,200,16.9,
2547,20220917,300,15.3,
2548,20220917,400,14.6,
2549,20220917,500,13.6,
2550,20220917,600,12.4,
2551,20220917,700,11.9,
2552,20220917,800,11.4,
2553,20220917,900,11.1,
2554,20220917,1000,10.8,
2555,20220917,1100,10.7,
2556,20220917,1200,10.6,
2557,20220917,1300,10.6,
2558,20220917,1400,10.2,
2559,20220917,1500,10.9,
2560,20220917,1600,13.4,
2561,20220917,1700,14.4,
2562,20220917,1800,15.6,
2563,20220917,1900,16.3,
2564,20220917,2000,16.7,
2565,20220917,2100,16.8,
2566,20220917,2200,17.1,
2567,20220917,2300,17.1,
2568,20220918,0,17.0,
2569,20220918,100,16.7,
2570,20220918,200,16.2,
2571,20220918,300,15.4,
2572,20220918,400,14.8,
2573,20220918,500,13.8,
2574,20220918,600,13.0,
2575,20220918,700,12.3,
2576,20220918,800,11.9,
2577,20220918,900,11.3,
2578,20220918,1000,10.4,
2579,20220918,1100,10.0,
2580,20220918,1200,9.8,
2581,20220918,1300,9.7,
2582,20220918,1400,9.9,
2583,20220918,1500,10.9,
2584,20220918,1600,14.6,
2585,20220918,1700,17.3,
2586,20220918,1800,19.1,
2587,20220918,1900,19.0,
2588,20220918,2000,20.0,
2589,20220918,2100,20.8,
2590,20220918,2200,22.2,
2591,20220918,2300,22.6,
2592,20220919,0,23.2,
2593,20220919,100,22.3,
2594,20220919,200,21.6,
2595,20220919,300,19.2,
2596,20220919,400,16.8,
2597,20220919,500,15.2,
2598,20220919,600,14.4,
2599,20220919,700,13.6,
2600,20220919,800,12.7,
2601,20220919,900,11.8,
2602,20220919,1000,10.9,
2603,20220919,1100,10.4,
2604,20220919,1200,9.9,
2605,20220919,1300,9.4,
2606,20220919,1400,9.2,
2607,20220919,1500,9.8,
2608,20220919,1600,13.4,
2609,20220919,1700,15.8,
2610,20220919,1800,18.0,
2611,20220919,1900,18.7,
2612,20220919,2000,20.1,
2613,20220919,2100,20.6,
2614,20220919,2200,22.1,
2615,20220919,2300,22.6,
2616,20220920,0,23.1,
2617,20220920,100,23.7,
2618,20220920,200,21.4,
2619,20220920,300,18.4,
2620,20220920,400,17.0,
2621,20220920,500,15.8,
2622,20220920,600,15.4,
2623,20220920,700,15.1,
2624,20220920,800,14.5,
2625,20220920,900,14.0,
2626,20220920,1000,13.3,
2627,20220920,1100,13.0,
2628,20220920,1200,13.6,
2629,20220920,1300,13.2,
2630,20220920,1400,13.3,
2631,20220920,1500,13.9,
2632,20220920,1600,18.3,
2633,20220920,1700,21.1,
2634,20220920,1800,22.8,
2635,20220920,1900,22.4,
2636,20220920,2000,22.6,
2637,20220920,2100,22.2,
2638,20220920,2200,23.4,
2639,20220920,2300,24.3,
2640,20220921,0,23.9,
2641,20220921,100,22.9,
2642,20220921,200,21.6,
2643,20220921,300,19.9,
2644,20220921,400,17.8,
2645,20220921,500,16.3,
2646,20220921,600,16.4,
2647,20220921,700,15.4,
2648,20220921,800,15.2,
2649,20220921,900,13.9,
2650,20220921,1000,12.8,
2651,20220921,1100,12.0,
2652,20220921,1200,11.6,
2653,20220921,1300,10.8,
2654,20220921,1400,10.9,
2655,20220921,1500,12.5,
2656,20220921,1600,15.7,
2657,20220921,1700,18.7,
2658,20220921,1800,21.0,
2659,20220921,1900,22.1,
2660,20220921,2000,22.2,
2661,20220921,2100,22.8,
2662,20220921,2200,24.8,
2663,20220921,2300,24.2,
2664,20220922,0,24.3,
2665,20220922,100,24.4,
2666,20220922,200,21.9,
2667,20220922,300,18.9,
2668,20220922,400,17.0,
2669,20220922,500,16.2,
2670,20220922,600,15.8,
2671,20220922,700,15.7,
2672,20220922,800,14.4,
2673,20220922,900,14.0,
2674,20220922,1000,13.6,
2675,20220922,1100,12.9,
2676,20220922,1200,12.2,
2677,20220922,1300,12.2,
2678,20220922,1400,11.8,
2679,20220922,1500,12.8,
2680,20220922,1600,14.2,
2681,20220922,1700,15.2,
2682,20220922,1800,16.2,
2683,20220922,1900,17.6,
2684,20220922,2000,18.2,
2685,20220922,2100,19.3,
2686,20220922,2200,19.3,
2687,20220922,2300,19.4,
2688,20220923,0,19.3,
2689,20220923,100,19.1,
2690,20220923,200,17.8,
2691,20220923,300,16.7,
2692,20220923,400,16.3,
2693,20220923,500,15.4,
2694,20220923,600,14.7,
2695,20220923,700,14.8,
2696,20220923,800,14.9,
2697,20220923,900,15.3,
2698,20220923,1000,15.4,
2699,20220923,1100,15.2,
2700,20220923,1200,15.2,
2701,20220923,1300,15.0,
2702,20220923,1400,14.4,
2703,20220923,1500,14.2,
2704,20220923,1600,15.0,
2705,20220923,1700,15.4,
2706,20220923,1800,15.5,
2707,20220923,1900,15.8,
2708,20220923,2000,16.1,
2709,20220923,2100,16.0,
2710,20220923,2200,15.4,
2711,20220923,2300,15.9,
2712,20220924,0,15.6,
2713,20220924,100,15.3,
2714,20220924,200,15.2,
2715,20220924,300,14.7,
2716,20220924,400,14.3,
2717,20220924,500,13.9,
2718,20220924,600,13.9,
2719,20220924,700,13.6,
2720,20220924,800,13.6,
2721,20220924,900,13.2,
2722,20220924,1000,12.9,
2723,20220924,1100,13.0,
2724,20220924,1200,13.0,
2725,20220924,1300,13.1,
2726,20220924,1400,12.9,
2727,20220924,1500,13.2,
2728,20220924,1600,15.0,
2729,20220924,1700,15.7,
2730,20220924,1800,17.2,
2731,20220924,1900,18.7,
2732,20220924,2000,19.7,
2733,20220924,2100,20.1,
2734,20220924,2200,21.0,
2735,20220924,2300,21.3,
2736,20220925,0,21.8,
2737,20220925,100,21.2,
2738,20220925,200,19.2,
2739,20220925,300,17.8,
2740,20220925,400,16.9,
2741,20220925,500,16.3,
2742,20220925,600,15.6,
2743,20220925,700,15.2,
2744,20220925,800,14.6,
2745,20220925,900,14.2,
2746,20220925,1000,13.8,
2747,20220925,1100,13.4,
2748,20220925,1200,13.2,
2749,20220925,1300,13.1,
2750,20220925,1400,12.8,
2751,20220925,1500,12.9,
2752,20220925,1600,15.8,
2753,20220925,1700,18.3,
2754,20220925,1800,20.6,
2755,20220925,1900,21.5,
2756,20220925,2000,22.4,
2757,20220925,2100,22.1,
2758,20220925,2200,23.5,
2759,20220925,2300,23.9,
2760,20220926,0,23.8,
2761,20220926,100,23.7,
2762,20220926,200,21.5,
2763,20220926,300,19.3,
2764,20220926,400,18.3,
2765,20220926,500,17.4,
2766,20220926,600,16.8,
2767,20220926,700,16.2,
2768,20220926,800,15.5,
2769,20220926,900,14.9,
2770,20220926,1000,14.3,
2771,20220926,1100,13.8,
2772,20220926,1200,13.3,
2773,20220926,1300,13.1,
2774,20220926,1400,12.9,
2775,20220926,1500,13.2,
2776,20220926,1600,15.1,
2777,20220926,1700,17.2,
2778,20220926,1800,21.2,
2779,20220926,1900,22.9,
2780,20220926,2000,24.8,
2781,20220926,2100,25.2,
2782,20220926,2200,26.1,
2783,20220926,2300,27.1,
2784,20220927,0,26.3,
2785,20220927,100,25.4,
2786,20220927,200,23.7,
2787,20220927,300,21.3,
2788,20220927,400,19.5,
2789,20220927,500,18.2,
2790,20220927,600,17.4,
2791,20220927,700,17.0,
2792,20220927,800,17.1,
2793,20220927,900,16.6,
2794,20220927,1000,15.3,
2795,20220927,1100,14.7,
2796,20220927,1200,14.2,
2797,20220927,1300,13.7,
2798,20220927,1400,13.3,
2799,20220927,1500,13.4,
2800,20220927,1600,15.9,
2801,20220927,1700,18.6,
2802,20220927,1800,20.7,
2803,20220927,1900,22.5,
2804,20220927,2000,23.1,
2805,20220927,2100,24.2,
2806,20220927,2200,24.7,
2807,20220927,2300,25.9,
2808,20220928,0,25.7,
2809,20220928,100,21.6,
2810,20220928,200,19.9,
2811,20220928,300,18.7,
2812,20220928,400,19.3,
2813,20220928,500,19.0,
2814,20220928,600,18.8,
2815,20220928,700,19.2,
2816,20220928,800,18.8,
2817,20220928,900,18.3,
2818,20220928,1000,17.4,
2819,20220928,1100,16.5,
2820,20220928,1200,15.6,
2821,20220928,1300,14.8,
2822,20220928,1400,14.4,
2823,20220928,1500,14.5,
2824,20220928,1600,14.8,
2825,20220928,1700,15.1,
2826,20220928,1800,16.4,
2827,20220928,1900,18.4,
2828,20220928,2000,17.9,
2829,20220928,2100,18.8,
2830,20220928,2200,19.6,
2831,20220928,2300,19.3,
2832,20220929,0,18.1,
2833,20220929,100,17.0,
2834,20220929,200,16.7,
2835,20220929,300,15.9,
2836,20220929,400,16.1,
2837,20220929,500,15.5,
2838,20220929,600,15.0,
2839,20220929,700,14.6,
2840,20220929,800,14.4,
2841,20220929,900,14.6,
2842,20220929,1000,14.7,
2843,20220929,1100,14.2,
2844,20220929,1200,14.3,
2845,20220929,1300,14.3,
2846,20220929,1400,14.1,
2847,20220929,1500,14.2,
2848,20220929,1600,15.0,
2849,20220929,1700,15.3,
2850,20220929,1800,16.4,
2851,20220929,1900,17.1,
2852,20220929,2000,18.7,
2853,20220929,2100,19.7,
2854,20220929,2200,20.8,
2855,20220929,2300,21.8,
2856,20220930,0,21.3,
2857,20220930,100,19.8,
2858,20220930,200,19.0,
2859,20220930,300,17.8,
2860,20220930,400,16.6,
2861,20220930,500,15.6,
2862,20220930,600,15.2,
2863,20220930,700,14.7,
2864,20220930,800,14.2,
2865,20220930,900,14.9,
2866,20220930,1000,13.9,
2867,20220930,1100,13.4,
2868,20220930,1200,13.2,
2869,20220930,1400,13.1,
2870,20220930,1500,12.8,
2871,20220930,1600,13.3,
2872,20220930,1700,14.6,
2873,20220930,1800,16.5,
2874,20220930,1900,18.3,
2875,20220930,2000,19.4,
2876,20220930,2100,19.7,
2877,20220930,2200,20.9,
2878,20220930,2300,21.6,
